{

    "weights": {

        "cubism": {

            "full_block": {
                "indecies": [1, 4],
                "weight": [25, 25, 25, 25]
            },

            "full_path": {
                "indecies": [5, 8],
                "weight": [25, 25, 25, 25]
            },

            "north_straight": {
                "indecies": [9, 12],
                "weight": [25, 25, 25, 25]
            },

            "east_straight": {
                "indecies": [13, 16],
                "weight": [25, 25, 25, 25]
            },

            "south_straight": {
                "indecies": [17, 20],
                "weight": [25, 25, 25, 25]
            },

            "west_straight": {
                "indecies": [21, 24],
                "weight": [25, 25, 25, 25]
            },

            "ne_corner": {
                "indecies": [25, 28],
                "weight": [25, 25, 25, 25]
            },

            "se_corner": {
                "indecies": [29, 32],
                "weight": [25, 25, 25, 25]
            },

            "sw_corner": {
                "indecies": [33, 36],
                "weight": [25, 25, 25, 25]
            },

            "nw_corner": {
                "indecies": [37, 40],
                "weight": [25, 25, 25, 25]
            },

            "ne_nub": {
                "indecies": [41, 41],
                "weight": [25]
            },

            "se_nub": {
                "indecies": [42, 42],
                "weight": [25]
            },

            "sw_nub": {
                "indecies": [43, 43],
                "weight": [25]
            },

            "nw_nub": {
                "indecies": [44, 44],
                "weight": [25]
            }

        }

    }

}